path_name,size
/config.json,2760
/functions/_render.func/.vc-config.json,142
/functions/_render.func/.vercel/output/_functions/_noop-middleware.mjs,62
/functions/_render.func/.vercel/output/_functions/chunks/animalService_CUkE1mPs.mjs,24485
/functions/_render.func/.vercel/output/_functions/chunks/api_CUxEeEPZ.mjs,9394
/functions/_render.func/.vercel/output/_functions/chunks/apiConfig_Qu2HXU2s.mjs,1238
/functions/_render.func/.vercel/output/_functions/chunks/apiConfigAdapter_Bj4M6SUt.mjs,1636
/functions/_render.func/.vercel/output/_functions/chunks/apiService_CPWEu9ms.mjs,10134
/functions/_render.func/.vercel/output/_functions/chunks/DefaultLayout_CWR_1n2I.mjs,5715
/functions/_render.func/.vercel/output/_functions/chunks/Footer_DzvHHVyB.mjs,69254
/functions/_render.func/.vercel/output/_functions/chunks/LoginLayout_D_PpZXws.mjs,1161
/functions/_render.func/.vercel/output/_functions/chunks/MainLayout_CjZTb3B1.mjs,3782
/functions/_render.func/.vercel/output/_functions/chunks/MessageContainer_BxJe5e8Q.mjs,471
/functions/_render.func/.vercel/output/_functions/chunks/roleService_8svzD-Jt.mjs,4961
/functions/_render.func/.vercel/output/_functions/chunks/vendor_C8Iwol3c.mjs,247303
/functions/_render.func/.vercel/output/_functions/entry.mjs,4627
/functions/_render.func/.vercel/output/_functions/manifest_DbwT8c3n.mjs,158888
/functions/_render.func/.vercel/output/_functions/pages/_image.astro.mjs,75
/functions/_render.func/.vercel/output/_functions/pages/animals.astro.mjs,40518
/functions/_render.func/.vercel/output/_functions/pages/animals/_id_.astro.mjs,26037
/functions/_render.func/.vercel/output/_functions/pages/animals/edit/_id_.astro.mjs,20006
/functions/_render.func/.vercel/output/_functions/pages/animals/new.astro.mjs,13020
/functions/_render.func/.vercel/output/_functions/pages/animals/partos/edit/_id_.astro.mjs,15134
/functions/_render.func/.vercel/output/_functions/pages/animals/update/_id_.astro.mjs,28002
/functions/_render.func/.vercel/output/_functions/pages/api/auth-proxy.astro.mjs,1370
/functions/_render.func/.vercel/output/_functions/pages/api/auth-proxy.astro2.mjs,6844
/functions/_render.func/.vercel/output/_functions/pages/api/auth-proxy.astro3.mjs,5006
/functions/_render.func/.vercel/output/_functions/pages/api/proxy.astro.mjs,13390
/functions/_render.func/.vercel/output/_functions/pages/backup.astro.mjs,34349
/functions/_render.func/.vercel/output/_functions/pages/dashboard-direct.astro.mjs,1815
/functions/_render.func/.vercel/output/_functions/pages/dashboard-simple.astro.mjs,1605
/functions/_render.func/.vercel/output/_functions/pages/dashboard-test.astro.mjs,1506
/functions/_render.func/.vercel/output/_functions/pages/dashboard.astro.mjs,1783
/functions/_render.func/.vercel/output/_functions/pages/dashboard2.astro.mjs,1634
/functions/_render.func/.vercel/output/_functions/pages/diagnostico-api.astro.mjs,5271
/functions/_render.func/.vercel/output/_functions/pages/diagnostico.astro.mjs,7252
/functions/_render.func/.vercel/output/_functions/pages/explotaciones-react.astro.mjs,42593
/functions/_render.func/.vercel/output/_functions/pages/imports.astro.mjs,58407
/functions/_render.func/.vercel/output/_functions/pages/index.astro.mjs,12543
/functions/_render.func/.vercel/output/_functions/pages/listados.astro.mjs,6122
/functions/_render.func/.vercel/output/_functions/pages/listados/_id_.astro.mjs,7437
/functions/_render.func/.vercel/output/_functions/pages/listados/editar/_id_.astro.mjs,11854
/functions/_render.func/.vercel/output/_functions/pages/listados/nuevo.astro.mjs,11316
/functions/_render.func/.vercel/output/_functions/pages/login-deploy.astro.mjs,3343
/functions/_render.func/.vercel/output/_functions/pages/login-test.astro.mjs,3497
/functions/_render.func/.vercel/output/_functions/pages/login.astro.mjs,3310
/functions/_render.func/.vercel/output/_functions/pages/logout.astro.mjs,2666
/functions/_render.func/.vercel/output/_functions/pages/notifications.astro.mjs,3265
/functions/_render.func/.vercel/output/_functions/pages/partos.astro.mjs,4049
/functions/_render.func/.vercel/output/_functions/pages/profile.astro.mjs,12151
/functions/_render.func/.vercel/output/_functions/pages/settings.astro.mjs,6318
/functions/_render.func/.vercel/output/_functions/pages/test-api.astro.mjs,3290
/functions/_render.func/.vercel/output/_functions/pages/users.astro.mjs,59487
/functions/_render.func/node_modules/@babel/runtime/helpers/arrayLikeToArray.js,268
/functions/_render.func/node_modules/@babel/runtime/helpers/arrayWithHoles.js,177
/functions/_render.func/node_modules/@babel/runtime/helpers/arrayWithoutHoles.js,258
/functions/_render.func/node_modules/@babel/runtime/helpers/assertThisInitialized.js,276
/functions/_render.func/node_modules/@babel/runtime/helpers/asyncToGenerator.js,701
/functions/_render.func/node_modules/@babel/runtime/helpers/classCallCheck.js,229
/functions/_render.func/node_modules/@babel/runtime/helpers/createClass.js,583
/functions/_render.func/node_modules/@babel/runtime/helpers/defineProperty.js,362
/functions/_render.func/node_modules/@babel/runtime/helpers/get.js,583
/functions/_render.func/node_modules/@babel/runtime/helpers/getPrototypeOf.js,412
/functions/_render.func/node_modules/@babel/runtime/helpers/inherits.js,536
/functions/_render.func/node_modules/@babel/runtime/helpers/iterableToArray.js,260
/functions/_render.func/node_modules/@babel/runtime/helpers/iterableToArrayLimit.js,790
/functions/_render.func/node_modules/@babel/runtime/helpers/nonIterableRest.js,308
/functions/_render.func/node_modules/@babel/runtime/helpers/nonIterableSpread.js,307
/functions/_render.func/node_modules/@babel/runtime/helpers/possibleConstructorReturn.js,493
/functions/_render.func/node_modules/@babel/runtime/helpers/regeneratorRuntime.js,11029
/functions/_render.func/node_modules/@babel/runtime/helpers/setPrototypeOf.js,400
/functions/_render.func/node_modules/@babel/runtime/helpers/slicedToArray.js,509
/functions/_render.func/node_modules/@babel/runtime/helpers/superPropBase.js,287
/functions/_render.func/node_modules/@babel/runtime/helpers/toConsumableArray.js,508
/functions/_render.func/node_modules/@babel/runtime/helpers/toPrimitive.js,494
/functions/_render.func/node_modules/@babel/runtime/helpers/toPropertyKey.js,317
/functions/_render.func/node_modules/@babel/runtime/helpers/typeof.js,534
/functions/_render.func/node_modules/@babel/runtime/helpers/unsupportedIterableToArray.js,573
/functions/_render.func/node_modules/@babel/runtime/package.json,39096
/functions/_render.func/node_modules/@babel/runtime/regenerator/index.js,448
/functions/_render.func/node_modules/@img/sharp-libvips-linux-x64/lib/index.js,28
/functions/_render.func/node_modules/@img/sharp-libvips-linux-x64/lib/libvips-cpp.so.8.16.1,16720688
/functions/_render.func/node_modules/@img/sharp-libvips-linux-x64/package.json,888
/functions/_render.func/node_modules/@img/sharp-libvips-linux-x64/versions.json,591
/functions/_render.func/node_modules/@img/sharp-libvips-linuxmusl-x64/lib/index.js,28
/functions/_render.func/node_modules/@img/sharp-libvips-linuxmusl-x64/lib/libvips-cpp.so.8.16.1,16986872
/functions/_render.func/node_modules/@img/sharp-libvips-linuxmusl-x64/package.json,894
/functions/_render.func/node_modules/@img/sharp-libvips-linuxmusl-x64/versions.json,591
/functions/_render.func/node_modules/@img/sharp-linux-x64/lib/sharp-linux-x64.node,418856
/functions/_render.func/node_modules/@img/sharp-linux-x64/LICENSE,10273
/functions/_render.func/node_modules/@img/sharp-linux-x64/package.json,942
/functions/_render.func/node_modules/@img/sharp-linuxmusl-x64/lib/sharp-linuxmusl-x64.node,276664
/functions/_render.func/node_modules/@img/sharp-linuxmusl-x64/LICENSE,10273
/functions/_render.func/node_modules/@img/sharp-linuxmusl-x64/package.json,956
/functions/_render.func/node_modules/@nodelib/fs.scandir/out/adapters/fs.js,640
/functions/_render.func/node_modules/@nodelib/fs.scandir/out/constants.js,990
/functions/_render.func/node_modules/@nodelib/fs.scandir/out/index.js,1009
/functions/_render.func/node_modules/@nodelib/fs.scandir/out/providers/async.js,3686
/functions/_render.func/node_modules/@nodelib/fs.scandir/out/providers/common.js,419
/functions/_render.func/node_modules/@nodelib/fs.scandir/out/providers/sync.js,1990
/functions/_render.func/node_modules/@nodelib/fs.scandir/out/settings.js,1076
/functions/_render.func/node_modules/@nodelib/fs.scandir/out/utils/fs.js,756
/functions/_render.func/node_modules/@nodelib/fs.scandir/out/utils/index.js,143
/functions/_render.func/node_modules/@nodelib/fs.scandir/package.json,1163
/functions/_render.func/node_modules/@nodelib/fs.stat/out/adapters/fs.js,582
/functions/_render.func/node_modules/@nodelib/fs.stat/out/index.js,985
/functions/_render.func/node_modules/@nodelib/fs.stat/out/providers/async.js,1172
/functions/_render.func/node_modules/@nodelib/fs.stat/out/providers/sync.js,619
/functions/_render.func/node_modules/@nodelib/fs.stat/out/settings.js,696
/functions/_render.func/node_modules/@nodelib/fs.stat/package.json,987
/functions/_render.func/node_modules/@nodelib/fs.walk/out/index.js,1390
/functions/_render.func/node_modules/@nodelib/fs.walk/out/providers/async.js,895
/functions/_render.func/node_modules/@nodelib/fs.walk/out/providers/stream.js,1021
/functions/_render.func/node_modules/@nodelib/fs.walk/out/providers/sync.js,407
/functions/_render.func/node_modules/@nodelib/fs.walk/out/readers/async.js,3157
/functions/_render.func/node_modules/@nodelib/fs.walk/out/readers/common.js,1052
/functions/_render.func/node_modules/@nodelib/fs.walk/out/readers/reader.js,358
/functions/_render.func/node_modules/@nodelib/fs.walk/out/readers/sync.js,1911
/functions/_render.func/node_modules/@nodelib/fs.walk/out/settings.js,1250
/functions/_render.func/node_modules/@nodelib/fs.walk/package.json,1138
/functions/_render.func/node_modules/@oslojs/encoding/dist/base32.js,5461
/functions/_render.func/node_modules/@oslojs/encoding/dist/base64.js,5642
/functions/_render.func/node_modules/@oslojs/encoding/dist/hex.js,1391
/functions/_render.func/node_modules/@oslojs/encoding/dist/index.js,494
/functions/_render.func/node_modules/@oslojs/encoding/package.json,1029
/functions/_render.func/node_modules/asynckit/index.js,156
/functions/_render.func/node_modules/asynckit/lib/abort.js,497
/functions/_render.func/node_modules/asynckit/lib/async.js,599
/functions/_render.func/node_modules/asynckit/lib/defer.js,441
/functions/_render.func/node_modules/asynckit/lib/iterate.js,1794
/functions/_render.func/node_modules/asynckit/lib/state.js,941
/functions/_render.func/node_modules/asynckit/lib/terminator.js,533
/functions/_render.func/node_modules/asynckit/package.json,1611
/functions/_render.func/node_modules/asynckit/parallel.js,1017
/functions/_render.func/node_modules/asynckit/serial.js,501
/functions/_render.func/node_modules/asynckit/serialOrdered.js,1751
/functions/_render.func/node_modules/atob/node-atob.js,130
/functions/_render.func/node_modules/atob/package.json,585
/functions/_render.func/node_modules/axios/index.js,681
/functions/_render.func/node_modules/axios/lib/adapters/adapters.js,1970
/functions/_render.func/node_modules/axios/lib/adapters/fetch.js,6649
/functions/_render.func/node_modules/axios/lib/adapters/http.js,22550
/functions/_render.func/node_modules/axios/lib/adapters/xhr.js,6623
/functions/_render.func/node_modules/axios/lib/axios.js,2549
/functions/_render.func/node_modules/axios/lib/cancel/CanceledError.js,697
/functions/_render.func/node_modules/axios/lib/cancel/CancelToken.js,2789
/functions/_render.func/node_modules/axios/lib/cancel/isCancel.js,99
/functions/_render.func/node_modules/axios/lib/core/Axios.js,6868
/functions/_render.func/node_modules/axios/lib/core/AxiosError.js,2546
/functions/_render.func/node_modules/axios/lib/core/AxiosHeaders.js,7395
/functions/_render.func/node_modules/axios/lib/core/buildFullPath.js,783
/functions/_render.func/node_modules/axios/lib/core/dispatchRequest.js,2187
/functions/_render.func/node_modules/axios/lib/core/InterceptorManager.js,1569
/functions/_render.func/node_modules/axios/lib/core/mergeConfig.js,3415
/functions/_render.func/node_modules/axios/lib/core/settle.js,836
/functions/_render.func/node_modules/axios/lib/core/transformData.js,778
/functions/_render.func/node_modules/axios/lib/defaults/index.js,4479
/functions/_render.func/node_modules/axios/lib/defaults/transitional.js,118
/functions/_render.func/node_modules/axios/lib/env/data.js,31
/functions/_render.func/node_modules/axios/lib/helpers/AxiosTransformStream.js,3680
/functions/_render.func/node_modules/axios/lib/helpers/AxiosURLSearchParams.js,1439
/functions/_render.func/node_modules/axios/lib/helpers/bind.js,134
/functions/_render.func/node_modules/axios/lib/helpers/buildURL.js,1659
/functions/_render.func/node_modules/axios/lib/helpers/callbackify.js,372
/functions/_render.func/node_modules/axios/lib/helpers/combineURLs.js,382
/functions/_render.func/node_modules/axios/lib/helpers/composeSignals.js,1364
/functions/_render.func/node_modules/axios/lib/helpers/cookies.js,1045
/functions/_render.func/node_modules/axios/lib/helpers/formDataToJSON.js,2164
/functions/_render.func/node_modules/axios/lib/helpers/formDataToStream.js,2965
/functions/_render.func/node_modules/axios/lib/helpers/fromDataURI.js,1365
/functions/_render.func/node_modules/axios/lib/helpers/HttpStatusCode.js,1600
/functions/_render.func/node_modules/axios/lib/helpers/isAbsoluteURL.js,561
/functions/_render.func/node_modules/axios/lib/helpers/isAxiosError.js,373
/functions/_render.func/node_modules/axios/lib/helpers/isURLSameOrigin.js,420
/functions/_render.func/node_modules/axios/lib/helpers/parseHeaders.js,1382
/functions/_render.func/node_modules/axios/lib/helpers/parseProtocol.js,151
/functions/_render.func/node_modules/axios/lib/helpers/progressEventReducer.js,1235
/functions/_render.func/node_modules/axios/lib/helpers/readBlob.js,318
/functions/_render.func/node_modules/axios/lib/helpers/resolveConfig.js,2125
/functions/_render.func/node_modules/axios/lib/helpers/speedometer.js,1092
/functions/_render.func/node_modules/axios/lib/helpers/spread.js,564
/functions/_render.func/node_modules/axios/lib/helpers/throttle.js,861
/functions/_render.func/node_modules/axios/lib/helpers/toFormData.js,6044
/functions/_render.func/node_modules/axios/lib/helpers/toURLEncodedForm.js,548
/functions/_render.func/node_modules/axios/lib/helpers/trackStream.js,1686
/functions/_render.func/node_modules/axios/lib/helpers/validator.js,2785
/functions/_render.func/node_modules/axios/lib/helpers/ZlibHeaderTransformStream.js,681
/functions/_render.func/node_modules/axios/lib/platform/common/utils.js,1595
/functions/_render.func/node_modules/axios/lib/platform/index.js,130
/functions/_render.func/node_modules/axios/lib/platform/node/classes/FormData.js,60
/functions/_render.func/node_modules/axios/lib/platform/node/classes/URLSearchParams.js,74
/functions/_render.func/node_modules/axios/lib/platform/node/index.js,828
/functions/_render.func/node_modules/axios/lib/utils.js,18365
/functions/_render.func/node_modules/axios/package.json,7671
/functions/_render.func/node_modules/braces/index.js,4380
/functions/_render.func/node_modules/braces/lib/compile.js,1501
/functions/_render.func/node_modules/braces/lib/constants.js,1589
/functions/_render.func/node_modules/braces/lib/expand.js,2797
/functions/_render.func/node_modules/braces/lib/parse.js,6899
/functions/_render.func/node_modules/braces/lib/stringify.js,708
/functions/_render.func/node_modules/braces/lib/utils.js,2518
/functions/_render.func/node_modules/braces/package.json,1647
/functions/_render.func/node_modules/btoa/index.js,273
/functions/_render.func/node_modules/btoa/package.json,516
/functions/_render.func/node_modules/canvg/lib/index.cjs,290423
/functions/_render.func/node_modules/canvg/package.json,1206
/functions/_render.func/node_modules/clsx/dist/clsx.js,397
/functions/_render.func/node_modules/clsx/dist/clsx.mjs,388
/functions/_render.func/node_modules/clsx/package.json,1192
/functions/_render.func/node_modules/color-convert/conversions.js,17040
/functions/_render.func/node_modules/color-convert/index.js,1708
/functions/_render.func/node_modules/color-convert/package.json,827
/functions/_render.func/node_modules/color-convert/route.js,2257
/functions/_render.func/node_modules/color-name/index.js,4617
/functions/_render.func/node_modules/color-name/package.json,607
/functions/_render.func/node_modules/color-string/index.js,5716
/functions/_render.func/node_modules/color-string/package.json,732
/functions/_render.func/node_modules/color/index.js,11169
/functions/_render.func/node_modules/color/package.json,896
/functions/_render.func/node_modules/combined-stream/lib/combined_stream.js,4687
/functions/_render.func/node_modules/combined-stream/package.json,640
/functions/_render.func/node_modules/cookie/index.js,8166
/functions/_render.func/node_modules/cookie/package.json,1092
/functions/_render.func/node_modules/core-js/internals/a-callable.js,354
/functions/_render.func/node_modules/core-js/internals/a-constructor.js,369
/functions/_render.func/node_modules/core-js/internals/a-possible-prototype.js,313
/functions/_render.func/node_modules/core-js/internals/add-to-unscopables.js,669
/functions/_render.func/node_modules/core-js/internals/advance-string-index.js,280
/functions/_render.func/node_modules/core-js/internals/an-instance.js,254
/functions/_render.func/node_modules/core-js/internals/an-object.js,304
/functions/_render.func/node_modules/core-js/internals/array-buffer-non-extensible.js,454
/functions/_render.func/node_modules/core-js/internals/array-fill.js,760
/functions/_render.func/node_modules/core-js/internals/array-for-each.js,562
/functions/_render.func/node_modules/core-js/internals/array-from.js,2097
/functions/_render.func/node_modules/core-js/internals/array-includes.js,1382
/functions/_render.func/node_modules/core-js/internals/array-iteration.js,2930
/functions/_render.func/node_modules/core-js/internals/array-method-has-species-support.js,692
/functions/_render.func/node_modules/core-js/internals/array-method-is-strict.js,329
/functions/_render.func/node_modules/core-js/internals/array-reduce.js,1512
/functions/_render.func/node_modules/core-js/internals/array-slice.js,120
/functions/_render.func/node_modules/core-js/internals/array-species-constructor.js,773
/functions/_render.func/node_modules/core-js/internals/array-species-create.js,327
/functions/_render.func/node_modules/core-js/internals/call-with-safe-iteration-closing.js,393
/functions/_render.func/node_modules/core-js/internals/check-correctness-of-iteration.js,1079
/functions/_render.func/node_modules/core-js/internals/classof-raw.js,242
/functions/_render.func/node_modules/core-js/internals/classof.js,1094
/functions/_render.func/node_modules/core-js/internals/collection-strong.js,7982
/functions/_render.func/node_modules/core-js/internals/collection.js,4599
/functions/_render.func/node_modules/core-js/internals/copy-constructor-properties.js,719
/functions/_render.func/node_modules/core-js/internals/correct-is-regexp-logic.js,380
/functions/_render.func/node_modules/core-js/internals/correct-prototype-getter.js,304
/functions/_render.func/node_modules/core-js/internals/create-iter-result-object.js,200
/functions/_render.func/node_modules/core-js/internals/create-non-enumerable-property.js,452
/functions/_render.func/node_modules/core-js/internals/create-property-descriptor.js,187
/functions/_render.func/node_modules/core-js/internals/create-property.js,400
/functions/_render.func/node_modules/core-js/internals/define-built-in-accessor.js,402
/functions/_render.func/node_modules/core-js/internals/define-built-in.js,979
/functions/_render.func/node_modules/core-js/internals/define-built-ins.js,217
/functions/_render.func/node_modules/core-js/internals/define-global-property.js,388
/functions/_render.func/node_modules/core-js/internals/descriptors.js,323
/functions/_render.func/node_modules/core-js/internals/document-create-element.js,367
/functions/_render.func/node_modules/core-js/internals/does-not-exceed-safe-integer.js,249
/functions/_render.func/node_modules/core-js/internals/dom-iterables.js,767
/functions/_render.func/node_modules/core-js/internals/dom-token-list-prototype.js,437
/functions/_render.func/node_modules/core-js/internals/enum-bug-keys.js,192
/functions/_render.func/node_modules/core-js/internals/environment-is-ios-pebble.js,165
/functions/_render.func/node_modules/core-js/internals/environment-is-ios.js,206
/functions/_render.func/node_modules/core-js/internals/environment-is-node.js,111
/functions/_render.func/node_modules/core-js/internals/environment-is-webos-webkit.js,134
/functions/_render.func/node_modules/core-js/internals/environment-user-agent.js,211
/functions/_render.func/node_modules/core-js/internals/environment-v8-version.js,886
/functions/_render.func/node_modules/core-js/internals/environment.js,877
/functions/_render.func/node_modules/core-js/internals/export.js,2718
/functions/_render.func/node_modules/core-js/internals/fails.js,122
/functions/_render.func/node_modules/core-js/internals/fix-regexp-well-known-symbol-logic.js,2689
/functions/_render.func/node_modules/core-js/internals/freezing.js,272
/functions/_render.func/node_modules/core-js/internals/function-apply.js,432
/functions/_render.func/node_modules/core-js/internals/function-bind-context.js,478
/functions/_render.func/node_modules/core-js/internals/function-bind-native.js,351
/functions/_render.func/node_modules/core-js/internals/function-call.js,285
/functions/_render.func/node_modules/core-js/internals/function-name.js,725
/functions/_render.func/node_modules/core-js/internals/function-uncurry-this-accessor.js,394
/functions/_render.func/node_modules/core-js/internals/function-uncurry-this-clause.js,359
/functions/_render.func/node_modules/core-js/internals/function-uncurry-this.js,445
/functions/_render.func/node_modules/core-js/internals/get-built-in.js,393
/functions/_render.func/node_modules/core-js/internals/get-iterator-method.js,508
/functions/_render.func/node_modules/core-js/internals/get-iterator.js,620
/functions/_render.func/node_modules/core-js/internals/get-method.js,334
/functions/_render.func/node_modules/core-js/internals/get-substitution.js,1637
/functions/_render.func/node_modules/core-js/internals/global-this.js,649
/functions/_render.func/node_modules/core-js/internals/has-own-property.js,434
/functions/_render.func/node_modules/core-js/internals/hidden-keys.js,35
/functions/_render.func/node_modules/core-js/internals/host-report-errors.js,214
/functions/_render.func/node_modules/core-js/internals/html.js,130
/functions/_render.func/node_modules/core-js/internals/ie8-dom-define.js,477
/functions/_render.func/node_modules/core-js/internals/indexed-object.js,624
/functions/_render.func/node_modules/core-js/internals/inherit-if-required.js,750
/functions/_render.func/node_modules/core-js/internals/inspect-source.js,479
/functions/_render.func/node_modules/core-js/internals/internal-metadata.js,2836
/functions/_render.func/node_modules/core-js/internals/internal-state.js,2106
/functions/_render.func/node_modules/core-js/internals/is-array-iterator-method.js,375
/functions/_render.func/node_modules/core-js/internals/is-array.js,300
/functions/_render.func/node_modules/core-js/internals/is-callable.js,533
/functions/_render.func/node_modules/core-js/internals/is-constructor.js,1796
/functions/_render.func/node_modules/core-js/internals/is-forced.js,634
/functions/_render.func/node_modules/core-js/internals/is-null-or-undefined.js,223
/functions/_render.func/node_modules/core-js/internals/is-object.js,168
/functions/_render.func/node_modules/core-js/internals/is-possible-prototype.js,157
/functions/_render.func/node_modules/core-js/internals/is-pure.js,38
/functions/_render.func/node_modules/core-js/internals/is-regexp.js,451
/functions/_render.func/node_modules/core-js/internals/is-symbol.js,507
/functions/_render.func/node_modules/core-js/internals/iterate.js,2562
/functions/_render.func/node_modules/core-js/internals/iterator-close.js,657
/functions/_render.func/node_modules/core-js/internals/iterator-create-constructor.js,779
/functions/_render.func/node_modules/core-js/internals/iterator-define.js,4515
/functions/_render.func/node_modules/core-js/internals/iterators-core.js,1800
/functions/_render.func/node_modules/core-js/internals/iterators.js,35
/functions/_render.func/node_modules/core-js/internals/length-of-array-like.js,225
/functions/_render.func/node_modules/core-js/internals/make-built-in.js,2610
/functions/_render.func/node_modules/core-js/internals/math-trunc.js,284
/functions/_render.func/node_modules/core-js/internals/microtask.js,2671
/functions/_render.func/node_modules/core-js/internals/new-promise-capability.js,618
/functions/_render.func/node_modules/core-js/internals/not-a-regexp.js,242
/functions/_render.func/node_modules/core-js/internals/number-parse-float.js,977
/functions/_render.func/node_modules/core-js/internals/object-create.js,3137
/functions/_render.func/node_modules/core-js/internals/object-define-properties.js,925
/functions/_render.func/node_modules/core-js/internals/object-define-property.js,1895
/functions/_render.func/node_modules/core-js/internals/object-get-own-property-descriptor.js,1138
/functions/_render.func/node_modules/core-js/internals/object-get-own-property-names-external.js,864
/functions/_render.func/node_modules/core-js/internals/object-get-own-property-names.js,494
/functions/_render.func/node_modules/core-js/internals/object-get-own-property-symbols.js,127
/functions/_render.func/node_modules/core-js/internals/object-get-prototype-of.js,936
/functions/_render.func/node_modules/core-js/internals/object-is-extensible.js,789
/functions/_render.func/node_modules/core-js/internals/object-is-prototype-of.js,128
/functions/_render.func/node_modules/core-js/internals/object-keys-internal.js,722
/functions/_render.func/node_modules/core-js/internals/object-keys.js,364
/functions/_render.func/node_modules/core-js/internals/object-property-is-enumerable.js,642
/functions/_render.func/node_modules/core-js/internals/object-set-prototype-of.js,1126
/functions/_render.func/node_modules/core-js/internals/object-to-string.js,371
/functions/_render.func/node_modules/core-js/internals/ordinary-to-primitive.js,723
/functions/_render.func/node_modules/core-js/internals/own-keys.js,734
/functions/_render.func/node_modules/core-js/internals/path.js,98
/functions/_render.func/node_modules/core-js/internals/perform.js,170
/functions/_render.func/node_modules/core-js/internals/promise-constructor-detection.js,2599
/functions/_render.func/node_modules/core-js/internals/promise-native-constructor.js,106
/functions/_render.func/node_modules/core-js/internals/promise-resolve.js,441
/functions/_render.func/node_modules/core-js/internals/promise-statics-incorrect-iteration.js,477
/functions/_render.func/node_modules/core-js/internals/queue.js,500
/functions/_render.func/node_modules/core-js/internals/regexp-exec-abstract.js,700
/functions/_render.func/node_modules/core-js/internals/regexp-exec.js,4035
/functions/_render.func/node_modules/core-js/internals/regexp-flags.js,562
/functions/_render.func/node_modules/core-js/internals/regexp-get-flags.js,501
/functions/_render.func/node_modules/core-js/internals/regexp-sticky-helpers.js,861
/functions/_render.func/node_modules/core-js/internals/regexp-unsupported-dot-all.js,376
/functions/_render.func/node_modules/core-js/internals/regexp-unsupported-ncg.js,415
/functions/_render.func/node_modules/core-js/internals/require-object-coercible.js,346
/functions/_render.func/node_modules/core-js/internals/safe-get-built-in.js,487
/functions/_render.func/node_modules/core-js/internals/set-species.js,601
/functions/_render.func/node_modules/core-js/internals/set-to-string-tag.js,497
/functions/_render.func/node_modules/core-js/internals/shared-key.js,210
/functions/_render.func/node_modules/core-js/internals/shared-store.js,601
/functions/_render.func/node_modules/core-js/internals/shared.js,160
/functions/_render.func/node_modules/core-js/internals/species-constructor.js,606
/functions/_render.func/node_modules/core-js/internals/string-multibyte.js,1415
/functions/_render.func/node_modules/core-js/internals/string-trim-forced.js,549
/functions/_render.func/node_modules/core-js/internals/string-trim.js,1201
/functions/_render.func/node_modules/core-js/internals/symbol-constructor-detection.js,957
/functions/_render.func/node_modules/core-js/internals/task.js,3515
/functions/_render.func/node_modules/core-js/internals/this-number-value.js,211
/functions/_render.func/node_modules/core-js/internals/to-absolute-index.js,485
/functions/_render.func/node_modules/core-js/internals/to-indexed-object.js,299
/functions/_render.func/node_modules/core-js/internals/to-integer-or-infinity.js,350
/functions/_render.func/node_modules/core-js/internals/to-length.js,355
/functions/_render.func/node_modules/core-js/internals/to-object.js,285
/functions/_render.func/node_modules/core-js/internals/to-primitive.js,1019
/functions/_render.func/node_modules/core-js/internals/to-property-key.js,333
/functions/_render.func/node_modules/core-js/internals/to-string-tag-support.js,224
/functions/_render.func/node_modules/core-js/internals/to-string.js,259
/functions/_render.func/node_modules/core-js/internals/try-to-string.js,162
/functions/_render.func/node_modules/core-js/internals/uid.js,292
/functions/_render.func/node_modules/core-js/internals/use-symbol-as-uid.js,237
/functions/_render.func/node_modules/core-js/internals/v8-prototype-define-bug.js,459
/functions/_render.func/node_modules/core-js/internals/validate-arguments-length.js,181
/functions/_render.func/node_modules/core-js/internals/weak-map-basic-detection.js,235
/functions/_render.func/node_modules/core-js/internals/well-known-symbol.js,804
/functions/_render.func/node_modules/core-js/internals/whitespaces.js,237
/functions/_render.func/node_modules/core-js/modules/es.array.concat.js,2308
/functions/_render.func/node_modules/core-js/modules/es.array.every.js,538
/functions/_render.func/node_modules/core-js/modules/es.array.fill.js,399
/functions/_render.func/node_modules/core-js/modules/es.array.for-each.js,360
/functions/_render.func/node_modules/core-js/modules/es.array.from.js,518
/functions/_render.func/node_modules/core-js/modules/es.array.includes.js,794
/functions/_render.func/node_modules/core-js/modules/es.array.index-of.js,973
/functions/_render.func/node_modules/core-js/modules/es.array.iterator.js,2607
/functions/_render.func/node_modules/core-js/modules/es.array.join.js,739
/functions/_render.func/node_modules/core-js/modules/es.array.map.js,598
/functions/_render.func/node_modules/core-js/modules/es.array.reduce.js,880
/functions/_render.func/node_modules/core-js/modules/es.array.reverse.js,672
/functions/_render.func/node_modules/core-js/modules/es.array.some.js,530
/functions/_render.func/node_modules/core-js/modules/es.function.name.js,914
/functions/_render.func/node_modules/core-js/modules/es.map.constructor.js,350
/functions/_render.func/node_modules/core-js/modules/es.map.js,137
/functions/_render.func/node_modules/core-js/modules/es.number.constructor.js,4626
/functions/_render.func/node_modules/core-js/modules/es.object.to-string.js,411
/functions/_render.func/node_modules/core-js/modules/es.parse-float.js,278
/functions/_render.func/node_modules/core-js/modules/es.promise.all.js,1426
/functions/_render.func/node_modules/core-js/modules/es.promise.catch.js,1171
/functions/_render.func/node_modules/core-js/modules/es.promise.constructor.js,9890
/functions/_render.func/node_modules/core-js/modules/es.promise.js,346
/functions/_render.func/node_modules/core-js/modules/es.promise.race.js,1042
/functions/_render.func/node_modules/core-js/modules/es.promise.reject.js,583
/functions/_render.func/node_modules/core-js/modules/es.promise.resolve.js,838
/functions/_render.func/node_modules/core-js/modules/es.reflect.apply.js,775
/functions/_render.func/node_modules/core-js/modules/es.reflect.delete-property.js,566
/functions/_render.func/node_modules/core-js/modules/es.reflect.get-prototype-of.js,535
/functions/_render.func/node_modules/core-js/modules/es.regexp.exec.js,274
/functions/_render.func/node_modules/core-js/modules/es.regexp.to-string.js,1085
/functions/_render.func/node_modules/core-js/modules/es.string.ends-with.js,1590
/functions/_render.func/node_modules/core-js/modules/es.string.includes.js,857
/functions/_render.func/node_modules/core-js/modules/es.string.iterator.js,1184
/functions/_render.func/node_modules/core-js/modules/es.string.match.js,1828
/functions/_render.func/node_modules/core-js/modules/es.string.replace.js,5638
/functions/_render.func/node_modules/core-js/modules/es.string.split.js,4619
/functions/_render.func/node_modules/core-js/modules/es.string.starts-with.js,1523
/functions/_render.func/node_modules/core-js/modules/es.string.trim.js,407
/functions/_render.func/node_modules/core-js/modules/web.dom-collections.for-each.js,918
/functions/_render.func/node_modules/core-js/modules/web.dom-collections.iterator.js,1732
/functions/_render.func/node_modules/core-js/package.json,1405
/functions/_render.func/node_modules/cssesc/cssesc.js,3514
/functions/_render.func/node_modules/cssesc/package.json,1252
/functions/_render.func/node_modules/data-uri-to-buffer/dist/index.js,1852
/functions/_render.func/node_modules/data-uri-to-buffer/package.json,1350
/functions/_render.func/node_modules/debug/package.json,1524
/functions/_render.func/node_modules/debug/src/browser.js,6066
/functions/_render.func/node_modules/debug/src/common.js,6912
/functions/_render.func/node_modules/debug/src/index.js,314
/functions/_render.func/node_modules/debug/src/node.js,4728
/functions/_render.func/node_modules/delayed-stream/lib/delayed_stream.js,2319
/functions/_render.func/node_modules/delayed-stream/package.json,684
/functions/_render.func/node_modules/detect-libc/lib/detect-libc.js,6231
/functions/_render.func/node_modules/detect-libc/lib/filesystem.js,717
/functions/_render.func/node_modules/detect-libc/lib/process.js,569
/functions/_render.func/node_modules/detect-libc/package.json,1102
/functions/_render.func/node_modules/devalue/index.js,141
/functions/_render.func/node_modules/devalue/package.json,680
/functions/_render.func/node_modules/devalue/src/base64.js,2945
/functions/_render.func/node_modules/devalue/src/constants.js,183
/functions/_render.func/node_modules/devalue/src/parse.js,3919
/functions/_render.func/node_modules/devalue/src/stringify.js,5197
/functions/_render.func/node_modules/devalue/src/uneval.js,7830
/functions/_render.func/node_modules/devalue/src/utils.js,2373
/functions/_render.func/node_modules/dompurify/dist/purify.cjs.js,64272
/functions/_render.func/node_modules/dompurify/package.json,4369
/functions/_render.func/node_modules/es-module-lexer/dist/lexer.cjs,13655
/functions/_render.func/node_modules/es-module-lexer/dist/lexer.js,13536
/functions/_render.func/node_modules/es-module-lexer/package.json,1464
/functions/_render.func/node_modules/fast-glob/out/index.js,4091
/functions/_render.func/node_modules/fast-glob/out/managers/tasks.js,5531
/functions/_render.func/node_modules/fast-glob/out/providers/async.js,814
/functions/_render.func/node_modules/fast-glob/out/providers/filters/deep.js,2466
/functions/_render.func/node_modules/fast-glob/out/providers/filters/entry.js,3556
/functions/_render.func/node_modules/fast-glob/out/providers/filters/error.js,441
/functions/_render.func/node_modules/fast-glob/out/providers/matchers/matcher.js,1568
/functions/_render.func/node_modules/fast-glob/out/providers/matchers/partial.js,1421
/functions/_render.func/node_modules/fast-glob/out/providers/provider.js,2000
/functions/_render.func/node_modules/fast-glob/out/providers/stream.js,1198
/functions/_render.func/node_modules/fast-glob/out/providers/sync.js,779
/functions/_render.func/node_modules/fast-glob/out/providers/transformers/entry.js,845
/functions/_render.func/node_modules/fast-glob/out/readers/async.js,1213
/functions/_render.func/node_modules/fast-glob/out/readers/reader.js,1063
/functions/_render.func/node_modules/fast-glob/out/readers/stream.js,1870
/functions/_render.func/node_modules/fast-glob/out/readers/sync.js,1330
/functions/_render.func/node_modules/fast-glob/out/settings.js,2849
/functions/_render.func/node_modules/fast-glob/out/utils/array.js,608
/functions/_render.func/node_modules/fast-glob/out/utils/errno.js,234
/functions/_render.func/node_modules/fast-glob/out/utils/fs.js,756
/functions/_render.func/node_modules/fast-glob/out/utils/index.js,596
/functions/_render.func/node_modules/fast-glob/out/utils/path.js,3010
/functions/_render.func/node_modules/fast-glob/out/utils/pattern.js,8520
/functions/_render.func/node_modules/fast-glob/out/utils/stream.js,629
/functions/_render.func/node_modules/fast-glob/out/utils/string.js,298
/functions/_render.func/node_modules/fast-glob/package.json,2800
/functions/_render.func/node_modules/fastq/package.json,1374
/functions/_render.func/node_modules/fastq/queue.js,6244
/functions/_render.func/node_modules/fetch-blob/file.js,1228
/functions/_render.func/node_modules/fetch-blob/from.js,2648
/functions/_render.func/node_modules/fetch-blob/index.js,7432
/functions/_render.func/node_modules/fetch-blob/package.json,1646
/functions/_render.func/node_modules/fetch-blob/streams.cjs,1604
/functions/_render.func/node_modules/fflate/lib/index.js,62051
/functions/_render.func/node_modules/fflate/lib/node-worker.js,1205
/functions/_render.func/node_modules/fflate/package.json,2565
/functions/_render.func/node_modules/fill-range/index.js,6406
/functions/_render.func/node_modules/fill-range/package.json,1760
/functions/_render.func/node_modules/follow-redirects/debug.js,315
/functions/_render.func/node_modules/follow-redirects/index.js,20647
/functions/_render.func/node_modules/follow-redirects/package.json,1289
/functions/_render.func/node_modules/form-data/lib/form_data.js,13716
/functions/_render.func/node_modules/form-data/lib/populate.js,177
/functions/_render.func/node_modules/form-data/package.json,2423
/functions/_render.func/node_modules/formdata-polyfill/esm.min.js,2378
/functions/_render.func/node_modules/formdata-polyfill/package.json,1259
/functions/_render.func/node_modules/glob-parent/index.js,1120
/functions/_render.func/node_modules/glob-parent/package.json,1105
/functions/_render.func/node_modules/has-flag/index.js,330
/functions/_render.func/node_modules/has-flag/package.json,696
/functions/_render.func/node_modules/html-escaper/cjs/index.js,2371
/functions/_render.func/node_modules/html-escaper/cjs/package.json,19
/functions/_render.func/node_modules/html-escaper/esm/index.js,2317
/functions/_render.func/node_modules/html-escaper/package.json,1317
/functions/_render.func/node_modules/html2canvas/dist/html2canvas.js,441542
/functions/_render.func/node_modules/html2canvas/package.json,4422
/functions/_render.func/node_modules/is-arrayish/index.js,318
/functions/_render.func/node_modules/is-arrayish/package.json,1051
/functions/_render.func/node_modules/is-extglob/index.js,441
/functions/_render.func/node_modules/is-extglob/package.json,1220
/functions/_render.func/node_modules/is-glob/index.js,3628
/functions/_render.func/node_modules/is-glob/package.json,1748
/functions/_render.func/node_modules/is-number/index.js,411
/functions/_render.func/node_modules/is-number/package.json,1599
/functions/_render.func/node_modules/jspdf-autotable/dist/jspdf.plugin.autotable.js,98214
/functions/_render.func/node_modules/jspdf-autotable/package.json,2758
/functions/_render.func/node_modules/jspdf/dist/jspdf.node.min.js,355993
/functions/_render.func/node_modules/jspdf/package.json,4320
/functions/_render.func/node_modules/jwt-decode/build/cjs/index.js,1894
/functions/_render.func/node_modules/jwt-decode/build/cjs/package.json,21
/functions/_render.func/node_modules/jwt-decode/build/esm/index.js,1697
/functions/_render.func/node_modules/jwt-decode/package.json,2498
/functions/_render.func/node_modules/kleur/colors.js,1520
/functions/_render.func/node_modules/kleur/colors.mjs,1645
/functions/_render.func/node_modules/kleur/package.json,990
/functions/_render.func/node_modules/merge2/index.js,3241
/functions/_render.func/node_modules/merge2/package.json,830
/functions/_render.func/node_modules/micromatch/index.js,13898
/functions/_render.func/node_modules/micromatch/node_modules/picomatch/index.js,60
/functions/_render.func/node_modules/micromatch/node_modules/picomatch/lib/constants.js,4448
/functions/_render.func/node_modules/micromatch/node_modules/picomatch/lib/parse.js,27763
/functions/_render.func/node_modules/micromatch/node_modules/picomatch/lib/picomatch.js,9956
/functions/_render.func/node_modules/micromatch/node_modules/picomatch/lib/scan.js,9189
/functions/_render.func/node_modules/micromatch/node_modules/picomatch/lib/utils.js,1885
/functions/_render.func/node_modules/micromatch/node_modules/picomatch/package.json,1912
/functions/_render.func/node_modules/micromatch/package.json,2648
/functions/_render.func/node_modules/mime-db/db.json,185882
/functions/_render.func/node_modules/mime-db/index.js,189
/functions/_render.func/node_modules/mime-db/package.json,1624
/functions/_render.func/node_modules/mime-types/index.js,3663
/functions/_render.func/node_modules/mime-types/package.json,1149
/functions/_render.func/node_modules/mrmime/index.js,13608
/functions/_render.func/node_modules/mrmime/index.mjs,13586
/functions/_render.func/node_modules/mrmime/package.json,887
/functions/_render.func/node_modules/ms/index.js,3024
/functions/_render.func/node_modules/ms/package.json,732
/functions/_render.func/node_modules/node-domexception/index.js,461
/functions/_render.func/node_modules/node-domexception/package.json,716
/functions/_render.func/node_modules/node-fetch/package.json,3046
/functions/_render.func/node_modules/node-fetch/src/body.js,9850
/functions/_render.func/node_modules/node-fetch/src/errors/abort-error.js,218
/functions/_render.func/node_modules/node-fetch/src/errors/base.js,346
/functions/_render.func/node_modules/node-fetch/src/errors/fetch-error.js,871
/functions/_render.func/node_modules/node-fetch/src/headers.js,6932
/functions/_render.func/node_modules/node-fetch/src/index.js,12908
/functions/_render.func/node_modules/node-fetch/src/request.js,8619
/functions/_render.func/node_modules/node-fetch/src/response.js,3433
/functions/_render.func/node_modules/node-fetch/src/utils/get-search.js,296
/functions/_render.func/node_modules/node-fetch/src/utils/is-redirect.js,229
/functions/_render.func/node_modules/node-fetch/src/utils/is.js,2246
/functions/_render.func/node_modules/node-fetch/src/utils/multipart-parser.js,9643
/functions/_render.func/node_modules/node-fetch/src/utils/referrer.js,11845
/functions/_render.func/node_modules/performance-now/lib/performance-now.js,1061
/functions/_render.func/node_modules/performance-now/package.json,1107
/functions/_render.func/node_modules/proxy-from-env/index.js,3348
/functions/_render.func/node_modules/proxy-from-env/package.json,956
/functions/_render.func/node_modules/queue-microtask/index.js,402
/functions/_render.func/node_modules/queue-microtask/package.json,1177
/functions/_render.func/node_modules/raf/index.js,1933
/functions/_render.func/node_modules/raf/package.json,1100
/functions/_render.func/node_modules/react-dom/cjs/react-dom-server-legacy.node.development.js,246340
/functions/_render.func/node_modules/react-dom/cjs/react-dom-server-legacy.node.production.min.js,38796
/functions/_render.func/node_modules/react-dom/cjs/react-dom-server.node.development.js,244692
/functions/_render.func/node_modules/react-dom/cjs/react-dom-server.node.production.min.js,39058
/functions/_render.func/node_modules/react-dom/package.json,1353
/functions/_render.func/node_modules/react-dom/server.js,58
/functions/_render.func/node_modules/react-dom/server.node.js,646
/functions/_render.func/node_modules/react/cjs/react-jsx-runtime.development.js,42700
/functions/_render.func/node_modules/react/cjs/react-jsx-runtime.production.min.js,859
/functions/_render.func/node_modules/react/cjs/react.development.js,87593
/functions/_render.func/node_modules/react/cjs/react.production.min.js,6930
/functions/_render.func/node_modules/react/index.js,190
/functions/_render.func/node_modules/react/jsx-runtime.js,214
/functions/_render.func/node_modules/react/package.json,999
/functions/_render.func/node_modules/reusify/package.json,1074
/functions/_render.func/node_modules/reusify/reusify.js,454
/functions/_render.func/node_modules/rgbcolor/index.js,9497
/functions/_render.func/node_modules/rgbcolor/package.json,401
/functions/_render.func/node_modules/run-parallel/index.js,1034
/functions/_render.func/node_modules/run-parallel/package.json,1291
/functions/_render.func/node_modules/sharp/lib/channel.js,5314
/functions/_render.func/node_modules/sharp/lib/colour.js,5133
/functions/_render.func/node_modules/sharp/lib/composite.js,9014
/functions/_render.func/node_modules/sharp/lib/constructor.js,18521
/functions/_render.func/node_modules/sharp/lib/index.js,395
/functions/_render.func/node_modules/sharp/lib/input.js,29227
/functions/_render.func/node_modules/sharp/lib/is.js,3212
/functions/_render.func/node_modules/sharp/lib/libvips.js,5946
/functions/_render.func/node_modules/sharp/lib/operation.js,33548
/functions/_render.func/node_modules/sharp/lib/output.js,58891
/functions/_render.func/node_modules/sharp/lib/resize.js,20901
/functions/_render.func/node_modules/sharp/lib/sharp.js,4109
/functions/_render.func/node_modules/sharp/lib/utility.js,9743
/functions/_render.func/node_modules/sharp/node_modules/semver/classes/comparator.js,3617
/functions/_render.func/node_modules/sharp/node_modules/semver/classes/range.js,14924
/functions/_render.func/node_modules/sharp/node_modules/semver/classes/semver.js,9338
/functions/_render.func/node_modules/sharp/node_modules/semver/functions/cmp.js,947
/functions/_render.func/node_modules/sharp/node_modules/semver/functions/coerce.js,1990
/functions/_render.func/node_modules/sharp/node_modules/semver/functions/compare.js,156
/functions/_render.func/node_modules/sharp/node_modules/semver/functions/eq.js,112
/functions/_render.func/node_modules/sharp/node_modules/semver/functions/gt.js,110
/functions/_render.func/node_modules/sharp/node_modules/semver/functions/gte.js,113
/functions/_render.func/node_modules/sharp/node_modules/semver/functions/lt.js,110
/functions/_render.func/node_modules/sharp/node_modules/semver/functions/lte.js,113
/functions/_render.func/node_modules/sharp/node_modules/semver/functions/neq.js,114
/functions/_render.func/node_modules/sharp/node_modules/semver/functions/parse.js,317
/functions/_render.func/node_modules/sharp/node_modules/semver/functions/satisfies.js,233
/functions/_render.func/node_modules/sharp/node_modules/semver/internal/constants.js,859
/functions/_render.func/node_modules/sharp/node_modules/semver/internal/debug.js,226
/functions/_render.func/node_modules/sharp/node_modules/semver/internal/identifiers.js,410
/functions/_render.func/node_modules/sharp/node_modules/semver/internal/lrucache.js,788
/functions/_render.func/node_modules/sharp/node_modules/semver/internal/parse-options.js,324
/functions/_render.func/node_modules/sharp/node_modules/semver/internal/re.js,7998
/functions/_render.func/node_modules/sharp/node_modules/semver/package.json,1663
/functions/_render.func/node_modules/sharp/package.json,7620
/functions/_render.func/node_modules/simple-swizzle/index.js,571
/functions/_render.func/node_modules/simple-swizzle/package.json,726
/functions/_render.func/node_modules/stackblur-canvas/dist/stackblur.js,21105
/functions/_render.func/node_modules/stackblur-canvas/package.json,2231
/functions/_render.func/node_modules/supports-color/index.js,2748
/functions/_render.func/node_modules/supports-color/package.json,817
/functions/_render.func/node_modules/svg-pathdata/lib/SVGPathData.cjs,19832
/functions/_render.func/node_modules/svg-pathdata/package.json,2642
/functions/_render.func/node_modules/to-regex-range/index.js,6481
/functions/_render.func/node_modules/to-regex-range/package.json,1782
/functions/_render.func/node_modules/ultrahtml/dist/index.js,5095
/functions/_render.func/node_modules/ultrahtml/package.json,1874
/functions/_render.func/node_modules/web-streams-polyfill/dist/ponyfill.es2018.js,212241
/functions/_render.func/node_modules/web-streams-polyfill/package.json,2723
/functions/_render.func/package.json,21
/functions/_render.func/src/pages/animals/[id].astro,82086
/functions/_render.func/src/pages/animals/edit/[id].astro,2690
/functions/_render.func/src/pages/animals/index.astro,15746
/functions/_render.func/src/pages/animals/new.astro,3527
/functions/_render.func/src/pages/animals/partos/edit/[id].astro,12205
/functions/_render.func/src/pages/animals/update/[id].astro,33064
/functions/_render.func/src/pages/backup/index.astro,36622
/functions/_render.func/src/pages/dashboard-direct.astro,1756
/functions/_render.func/src/pages/dashboard-simple.astro,802
/functions/_render.func/src/pages/dashboard-test.astro,691
/functions/_render.func/src/pages/dashboard.astro,1110
/functions/_render.func/src/pages/dashboard2.astro,932
/functions/_render.func/src/pages/diagnostico-api.astro,9836
/functions/_render.func/src/pages/diagnostico.astro,3304
/functions/_render.func/src/pages/explotaciones-react/index.astro,866
/functions/_render.func/src/pages/imports/index.astro,12723
/functions/_render.func/src/pages/index.astro,6089
/functions/_render.func/src/pages/listados/[id].astro,36495
/functions/_render.func/src/pages/listados/editar/[id].astro,35783
/functions/_render.func/src/pages/listados/index.astro,14809
/functions/_render.func/src/pages/listados/nuevo.astro,21322
/functions/_render.func/src/pages/login-deploy.astro,7639
/functions/_render.func/src/pages/login-test.astro,5786
/functions/_render.func/src/pages/login.astro,10634
/functions/_render.func/src/pages/logout.astro,230
/functions/_render.func/src/pages/notifications.astro,11989
/functions/_render.func/src/pages/partos/index.astro,3383
/functions/_render.func/src/pages/profile/index.astro,747
/functions/_render.func/src/pages/settings.astro,10116
/functions/_render.func/src/pages/test-api.astro,6124
/functions/_render.func/src/pages/users/index.astro,1514
/static/_astro/_id_.CtbIiy9S.css,69505
/static/_astro/AnimalFilters.BAcREw7U.js,2445
/static/_astro/AnimalForm.DWC52cV5.js,8615
/static/_astro/animalService.sWoyKksn.js,13179
/static/_astro/AnimalTable.Ci58NXSq.js,16857
/static/_astro/api.ppmg8LLO.js,5716
/static/_astro/apiConfig.BYL0hBvc.js,732
/static/_astro/apiConfigAdapter.B0N4Zv2p.js,516
/static/_astro/apiService.DFT83caO.js,5247
/static/_astro/AuthMiddleware.DvwXKYmt.js,465
/static/_astro/authService.CvC7CJU-.js,2431
/static/_astro/ClearLocalStorage.BrTZnTk7.js,552
/static/_astro/client.c0oeVLJH.js,63
/static/_astro/config.DUTcyYPh.js,34392
/static/_astro/Dashboard2.CExZmQRp.js,179
/static/_astro/DashboardNew.CExZmQRp.js,179
/static/_astro/DashboardV2.oP-JI5qg.js,28515
/static/_astro/ExplotacionesPage.CjlCDm9n.js,22825
/static/_astro/Footer.DhX8wwRk.js,1522
/static/_astro/hoisted.-Jwypp7U.js,613
/static/_astro/hoisted.Aq9NsjF5.js,1355
/static/_astro/hoisted.B30RXhKe.js,2260
/static/_astro/hoisted.B4QE83rU.js,2030
/static/_astro/hoisted.B530ernF.js,1378
/static/_astro/hoisted.BDzFOIjD.js,2256
/static/_astro/hoisted.Bm1oTd4G.js,223
/static/_astro/hoisted.BTDKv-6L.js,2380
/static/_astro/hoisted.BU6JTMTO.js,11958
/static/_astro/hoisted.BuHxIO1k.js,4552
/static/_astro/hoisted.C9pjk730.js,22318
/static/_astro/hoisted.CGRJC2YP.js,2413
/static/_astro/hoisted.CkKrjQ63.js,14797
/static/_astro/hoisted.ClB8lHbA.js,443
/static/_astro/hoisted.CSpkSSOJ.js,4330
/static/_astro/hoisted.CyNyRDl1.js,14554
/static/_astro/hoisted.DFGC1Off.js,1585
/static/_astro/hoisted.DfMU54u9.js,11802
/static/_astro/hoisted.DItxtWbL.js,1120
/static/_astro/hoisted.Dk76uXj2.js,2735
/static/_astro/hoisted.Fk6Xf_yn.js,412
/static/_astro/hoisted.L0z7cQsS.js,5435
/static/_astro/hoisted.YG5Vn-AB.js,4782
/static/_astro/ImportContainer.ZmpF6N7R.js,24335
/static/_astro/index.DJoSdzOi.css,7317
/static/_astro/LanguageSwitcher.astro_astro_type_script_index_0_lang.DhuIQNJ0.js,14082
/static/_astro/listados-service.BvIhkIE3.js,1963
/static/_astro/LoginDebugger.BOITnVDY.js,2055
/static/_astro/logout.Cc07-JCR.css,69505
/static/_astro/MainLayout.DTGkdaJn.js,1875
/static/_astro/Navbar.C2uKcpYW.js,6650
/static/_astro/notificationService.CeklOCop.js,2907
/static/_astro/NotificationsMenu.BDGDq4xm.js,4275
/static/_astro/OptimizedImage.D_5JnQxy.js,6069
/static/_astro/PasswordErrorModal.DuiGlcIB.js,2451
/static/_astro/ProfileManagement.DIl2-pb6.js,6057
/static/_astro/ResetDatabaseButton.Bo0HKCdg.js,3863
/static/_astro/RoleGuard.tjAvEQFC.js,1860
/static/_astro/roleService.DNcnaYzk.js,3436
/static/_astro/Sidebar.C3PG_rYZ.js,3848
/static/_astro/UsersManagement.BOWlt6zH.js,32052
/static/_astro/vendor.DJv9yYup.css,61755
/static/_astro/vendor.DPE1g--N.js,1996959
/static/.keep,29
/static/assets/icons/toro.png,6160
/static/assets/images/logo_main.png,38957
/static/assets/images/logo_main.webp,17480
/static/assets/images/logo_small.png,16874
/static/assets/images/logo_small.webp,9946
/static/assets/images/no_password.png,138730
/static/assets/images/no_password.webp,28588
/static/assets/images/toro_sin_borde_2.png,127627
/static/debug.js,5169
/static/diagnose.html,10942
/static/favico.ico,189086
/static/icons/animals/toro.svg,1567
/static/icons/animals/vaca_amamantando.svg,2112
/static/icons/animals/vaca.svg,1567
/static/images/IMG_4662.jpg,127988
/static/images/IMG_4662.webp,37854
/static/images/logo_masclet.jpg,636417
/static/images/logo_masclet.png,38957
/static/images/logo_masclet.webp,17480
/static/images/no_password.png,138730
/static/images/no_password.webp,28588
/static/images/originales/IMG_4662.jpg,127988
/static/images/originales/logo_masclet.jpg,636417
/static/images/originales/logo_masclet.png,551525
/static/images/originales/no_password.png,412346
/static/images/originales/toro 2.png,312537
/static/images/originales/toro 3.png,318313
/static/images/originales/toro.png,344193
/static/images/originales/vaca azul.png,355847
/static/images/originales/vaca blanca.png,279882
/static/images/originales/vaca_azul_amamantando_ternero_azul_sinfondo_transparente_dentro_circulo.jpg,34275
/static/images/originales/vaca_azul_amamantando_ternero_azul_sinfondo_transparente_dentro_circulo.png,330242
/static/images/toro 2.png,66254
/static/images/toro 2.webp,28960
/static/images/toro 3.png,83150
/static/images/toro 3.webp,34374
/static/images/toro_sin_borde_2.png,127627
/static/images/toro_sin_borde.png,1421
/static/images/toro.png,67949
/static/images/toro.webp,20440
/static/images/vaca azul.png,117321
/static/images/vaca azul.webp,31880
/static/images/vaca blanca.png,95463
/static/images/vaca blanca.webp,20262
/static/images/vaca_azul_amamantando_ternero_azul_sinfondo_transparente_dentro_circulo.jpg,34275
/static/images/vaca_azul_amamantando_ternero_azul_sinfondo_transparente_dentro_circulo.png,105215
/static/images/vaca_azul_amamantando_ternero_azul_sinfondo_transparente_dentro_circulo.webp,23350
/static/scripts/animal-history.js,13894
/static/scripts/block-animal-buttons.js,3954
/static/scripts/block-delete-button.js,1308
/static/scripts/block-new-animal-button.js,11257
/static/scripts/block-parto-simple.js,2258
/static/scripts/bloquear-acciones-listados.js,3909
/static/scripts/bloquear-actualizar-animal.js,3487
/static/scripts/bloquear-editar-parto.js,2226
/static/scripts/bloquear-eliminar-parto.js,3627
/static/scripts/editar-parto-v2.js,14136
/static/scripts/editar-parto-v3.js,14146
/static/scripts/editar-parto-v4.js,14215
/static/scripts/editarParto.js,12348
/static/scripts/permisos-eliminar-parto.js,3832
/static/scripts/permissions-ui.js,5425
/static/scripts/translation-fixer.js,4576
/static/styles/block-buttons.css,825
/static/templates/plantilla_animales.csv,238